{
  "model_performance": {
    "Model": {
      "2": "Support Vector Machine",
      "1": "Random Forest",
      "5": "CatBoost",
      "0": "Logistic Regression",
      "3": "Multinomial Naive Bayes",
      "4": "K-Nearest Neighbors"
    },
    "Accuracy": {
      "2": 1.0,
      "1": 0.9948186528497409,
      "5": 0.9948186528497409,
      "0": 0.9896373056994818,
      "3": 0.9896373056994818,
      "4": 0.9844559585492227
    },
    "Precision": {
      "2": 1.0,
      "1": 0.9956822107081176,
      "5": 0.9956822107081176,
      "0": 0.9903774981495188,
      "3": 0.9911176905995558,
      "4": 0.9865120486882145
    },
    "Recall": {
      "2": 1.0,
      "1": 0.9948186528497409,
      "5": 0.9948186528497409,
      "0": 0.9896373056994818,
      "3": 0.9896373056994818,
      "4": 0.9844559585492227
    },
    "F1-Score": {
      "2": 1.0,
      "1": 0.9949308032209586,
      "5": 0.9949308032209586,
      "0": 0.9897132228738447,
      "3": 0.9896246528370881,
      "4": 0.9843964156673697
    },
    "CV_Mean": {
      "2": 0.9908854166666666,
      "1": 0.9934946498054474,
      "5": 0.9948018127705628,
      "0": 0.9869842331387808,
      "3": 0.9830881160830091,
      "4": 0.9544878809987031
    },
    "CV_Std": {
      "2": 0.006639348324990605,
      "1": 0.003686435577821673,
      "5": 0.0025940205627705826,
      "0": 0.006646303866316649,
      "3": 0.0037043430394115492,
      "4": 0.008017173050555342
    },
    "Training_Time": {
      "2": 3.279892921447754,
      "1": 1.966982126235962,
      "5": 99.63830137252808,
      "0": 0.5786259174346924,
      "3": 0.053418636322021484,
      "4": 5.162138223648071
    }
  },
  "categories": [
    "Advocate",
    "Arts",
    "Automation Testing",
    "Blockchain",
    "Business Analyst",
    "Civil Engineer",
    "Data Science",
    "Database",
    "DevOps Engineer",
    "DotNet Developer",
    "ETL Developer",
    "Electrical Engineering",
    "HR",
    "Hadoop",
    "Health and fitness",
    "Java Developer",
    "Mechanical Engineer",
    "Network Security Engineer",
    "Operations Manager",
    "PMO",
    "Python Developer",
    "SAP Developer",
    "Sales",
    "Testing",
    "Web Designing"
  ],
  "feature_dimension": 5000,
  "training_date": "2025-11-08 15:52:14",
  "best_model": "Support Vector Machine",
  "best_accuracy": 1.0,
  "skills_extracted": {
    "programming_languages": 24,
    "frameworks_tools": 54,
    "databases": 2,
    "cloud_platforms": 4,
    "soft_skills": 18,
    "methodologies": 9
  },
  "system_features": [
    "Resume Category Prediction",
    "Dynamic Skills Extraction",
    "Resume Structure Analysis",
    "XAI Model Explanations",
    "Job Description Analysis",
    "Resume-Job Matching",
    "Actionable Feedback Generation"
  ]
}